event_type,sequence_number,venue_id,exchange_timestamp_ns,local_receipt_timestamp_ns,side,price_ticks,quantity
book,1,1,200000,1000000,B,9996,36
book,2,1,201000,1001000,B,9997,32
book,3,1,202000,1002000,B,9998,28
book,4,1,203000,1003000,B,9999,24
book,5,1,204000,1004000,B,10000,20
book,6,1,205000,1005000,A,10002,18
book,7,1,206000,1006000,A,10003,23
book,8,1,207000,1007000,A,10004,28
book,9,1,208000,1008000,A,10005,33
book,10,1,209000,1009000,A,10006,38
book,1,2,100000,1010000,B,9997,36
book,2,2,101000,1011000,B,9998,32
book,3,2,102000,1012000,B,9999,28
book,4,2,103000,1013000,B,10000,24
book,5,2,104000,1014000,B,10001,20
book,6,2,105000,1015000,A,10003,18
book,7,2,106000,1016000,A,10004,23
book,8,2,107000,1017000,A,10005,28
book,9,2,108000,1018000,A,10006,33
book,10,2,109000,1019000,A,10007,38
book,1,3,200000,1020000,B,9995,36
book,2,3,201000,1021000,B,9996,32
book,3,3,202000,1022000,B,9997,28
book,4,3,203000,1023000,B,9998,24
book,5,3,204000,1024000,B,9999,20
book,6,3,205000,1025000,A,10001,18
book,7,3,206000,1026000,A,10002,23
book,8,3,207000,1027000,A,10003,28
book,9,3,208000,1028000,A,10004,33
book,10,3,209000,1029000,A,10005,38
book,11,1,99200000,100000000,A,10002,40
book,11,2,98800000,100000000,B,10001,20
book,11,3,98400000,100000000,A,10001,31
book,12,1,149200000,150000000,B,10000,16
book,12,2,148800000,150000000,A,10003,27
book,12,3,148400000,150000000,B,9999,38
book,13,1,199200000,200000000,A,10002,23
book,13,2,198800000,200000000,B,10001,34
book,13,3,198400000,200000000,A,10001,45
book,14,1,249200000,250000000,B,10000,30
book,14,2,248800000,250000000,A,10003,41
book,14,3,248400000,250000000,B,9999,21
book,15,1,299200000,300000000,A,10002,37
book,15,2,298800000,300000000,B,10001,17
book,15,3,298400000,300000000,A,10001,28
book,16,1,349200000,350000000,B,10000,44
book,16,2,348800000,350000000,A,10003,24
book,16,3,348400000,350000000,B,9999,35
book,17,1,399200000,400000000,A,10002,20
book,17,2,398800000,400000000,B,10001,31
book,17,3,398400000,400000000,A,10001,42
book,18,1,449200000,450000000,B,10000,27
book,18,2,448800000,450000000,A,10003,38
book,18,3,448400000,450000000,B,9999,18
book,19,1,499200000,500000000,A,10002,34
book,19,2,498800000,500000000,B,10001,45
book,19,3,498400000,500000000,A,10001,25
book,20,1,549200000,550000000,B,10000,41
book,20,2,548800000,550000000,A,10003,21
book,20,3,548400000,550000000,B,9999,32
book,21,1,599200000,600000000,A,10002,17
book,21,2,598800000,600000000,B,10001,28
book,21,3,598400000,600000000,A,10001,39
book,22,1,649200000,650000000,B,10000,24
book,22,2,648800000,650000000,A,10003,35
book,22,3,648400000,650000000,B,9999,15
book,23,1,699200000,700000000,A,10002,31
book,23,2,698800000,700000000,B,10001,42
book,23,3,698400000,700000000,A,10001,22
book,24,1,749200000,750000000,B,10000,38
book,24,2,748800000,750000000,A,10003,18
book,24,3,748400000,750000000,B,9999,29
book,25,1,799200000,800000000,A,10002,45
book,25,2,798800000,800000000,B,10001,25
book,25,3,798400000,800000000,A,10001,36
book,26,1,849200000,850000000,B,10000,21
book,26,2,848800000,850000000,A,10003,32
book,26,3,848400000,850000000,B,9999,43
book,27,1,899200000,900000000,A,10002,28
book,27,2,898800000,900000000,B,10001,39
book,27,3,898400000,900000000,A,10001,19
book,28,1,949200000,950000000,B,10000,35
book,28,2,948800000,950000000,A,10003,15
book,28,3,948400000,950000000,B,9999,26
book,29,1,999200000,1000000000,A,10002,42
book,29,2,998800000,1000000000,B,10001,22
book,29,3,998400000,1000000000,A,10001,33
book,30,1,1049200000,1050000000,B,10000,18
book,30,2,1048800000,1050000000,A,10003,29
book,30,3,1048400000,1050000000,B,9999,40
book,31,1,1099200000,1100000000,A,10002,25
book,31,2,1098800000,1100000000,B,10001,36
book,31,3,1098400000,1100000000,A,10001,16
book,32,1,1149200000,1150000000,B,10000,32
book,32,2,1148800000,1150000000,A,10003,43
book,32,3,1148400000,1150000000,B,9999,23
book,33,1,1199200000,1200000000,A,10002,39
book,33,2,1198800000,1200000000,B,10001,19
book,33,3,1198400000,1200000000,A,10001,30
book,34,1,1249200000,1250000000,B,10000,15
book,34,2,1248800000,1250000000,A,10003,26
book,34,3,1248400000,1250000000,B,9999,37
trade,100001,1,1249200000,1250000000,B,10002,4
trade,100002,1,1249200000,1250000000,S,10000,6
trade,100003,1,1249200000,1250000000,B,10002,8
trade,200001,2,1248800000,1250000000,S,10001,5
trade,200002,2,1248800000,1250000000,B,10003,7
trade,200003,2,1248800000,1250000000,S,10001,9
book,35,1,1299200000,1300000000,A,10002,22
book,35,2,1298800000,1300000000,B,10001,33
book,35,3,1298400000,1300000000,A,10001,44
book,36,1,1349200000,1350000000,B,10000,29
book,36,2,1348800000,1350000000,A,10003,40
book,36,3,1348400000,1350000000,B,9999,20
book,37,1,1399200000,1400000000,A,10002,36
book,37,2,1398800000,1400000000,B,10001,16
book,37,3,1398400000,1400000000,A,10001,27
book,38,1,1449200000,1450000000,B,10000,43
book,38,2,1448800000,1450000000,A,10003,23
book,38,3,1448400000,1450000000,B,9999,34
book,39,1,1499200000,1500000000,A,10002,19
book,39,2,1498800000,1500000000,B,10001,30
book,39,3,1498400000,1500000000,A,10001,41
book,40,1,1549200000,1550000000,B,10000,26
book,40,2,1548800000,1550000000,A,10003,37
book,40,3,1548400000,1550000000,B,9999,17
book,41,1,1599200000,1600000000,A,10002,33
book,41,2,1598800000,1600000000,B,10001,44
book,41,3,1598400000,1600000000,A,10001,24
book,42,1,1649200000,1650000000,B,10000,40
book,42,2,1648800000,1650000000,A,10003,20
book,42,3,1648400000,1650000000,B,9999,31
book,43,1,1699200000,1700000000,A,10002,16
book,43,2,1698800000,1700000000,B,10001,27
book,43,3,1698400000,1700000000,A,10001,38
book,44,1,1749200000,1750000000,B,10000,23
book,44,2,1748800000,1750000000,A,10003,34
book,44,3,1748400000,1750000000,B,9999,45
book,45,1,1799200000,1800000000,A,10002,30
book,45,2,1798800000,1800000000,B,10001,41
book,45,3,1798400000,1800000000,A,10001,21
book,46,1,1849200000,1850000000,B,10000,37
book,46,2,1848800000,1850000000,A,10003,17
book,46,3,1848400000,1850000000,B,9999,28
book,47,1,1899200000,1900000000,A,10002,44
book,47,2,1898800000,1900000000,B,10001,24
book,47,3,1898400000,1900000000,A,10001,35
book,48,1,1949200000,1950000000,B,10000,20
book,48,2,1948800000,1950000000,A,10003,31
book,48,3,1948400000,1950000000,B,9999,42
book,49,1,1999200000,2000000000,B,10001,27
book,50,1,1999200000,2000000000,A,10003,24
book,51,1,1999200000,2000000000,A,10002,0
book,52,1,1999200000,2000000000,A,10003,27
book,49,2,1998800000,2000000000,B,10001,38
book,49,3,1998400000,2000000000,A,10001,18
book,50,2,2048800000,2050000000,B,10002,30
book,51,2,2048800000,2050000000,A,10004,26
book,52,2,2048800000,2050000000,A,10003,0
book,53,1,2049200000,2050000000,B,10001,34
book,53,2,2048800000,2050000000,A,10004,45
book,50,3,2048400000,2050000000,B,9999,25
book,51,3,2098400000,2100000000,B,10000,33
book,52,3,2098400000,2100000000,A,10002,28
book,53,3,2098400000,2100000000,A,10001,0
book,54,1,2099200000,2100000000,A,10003,41
book,54,2,2098800000,2100000000,B,10002,21
book,54,3,2098400000,2100000000,A,10002,32
book,55,1,2149200000,2150000000,B,10001,17
book,55,2,2148800000,2150000000,A,10004,28
book,55,3,2148400000,2150000000,B,10000,39
book,56,1,2199200000,2200000000,A,10003,24
book,56,2,2198800000,2200000000,B,10002,35
book,56,3,2198400000,2200000000,A,10002,15
book,57,1,2249200000,2250000000,B,10001,31
book,57,2,2248800000,2250000000,A,10004,42
book,57,3,2248400000,2250000000,B,10000,22
book,58,1,2299200000,2300000000,A,10003,38
book,58,2,2298800000,2300000000,B,10002,18
book,58,3,2298400000,2300000000,A,10002,29
book,59,1,2349200000,2350000000,B,10001,45
book,59,2,2348800000,2350000000,A,10004,25
book,59,3,2348400000,2350000000,B,10000,36
book,60,1,2399200000,2400000000,A,10003,21
book,60,2,2398800000,2400000000,B,10002,32
book,60,3,2398400000,2400000000,A,10002,43
book,61,1,2449200000,2450000000,B,10001,28
book,61,2,2448800000,2450000000,A,10004,39
book,61,3,2448400000,2450000000,B,10000,19
book,62,1,2499200000,2500000000,A,10003,35
book,62,2,2498800000,2500000000,B,10002,15
book,62,3,2498400000,2500000000,A,10002,26
trade,100004,1,2499200000,2500000000,S,10001,4
trade,100005,1,2499200000,2500000000,B,10003,6
trade,100006,1,2499200000,2500000000,S,10001,8
trade,200004,2,2498800000,2500000000,B,10004,5
trade,200005,2,2498800000,2500000000,S,10002,7
trade,200006,2,2498800000,2500000000,B,10004,9
book,63,1,2549200000,2550000000,B,10001,42
book,63,2,2548800000,2550000000,A,10004,22
book,63,3,2548400000,2550000000,B,10000,33
book,64,1,2599200000,2600000000,A,10003,18
book,64,2,2598800000,2600000000,B,10002,29
book,64,3,2598400000,2600000000,A,10002,40
book,65,1,2649200000,2650000000,B,10001,25
book,65,2,2648800000,2650000000,A,10004,36
book,65,3,2648400000,2650000000,B,10000,16
book,66,1,2699200000,2700000000,A,10003,32
book,66,2,2698800000,2700000000,B,10002,43
book,66,3,2698400000,2700000000,A,10002,23
book,67,1,2749200000,2750000000,B,10001,39
book,67,2,2748800000,2750000000,A,10004,19
book,67,3,2748400000,2750000000,B,10000,30
book,68,1,2799200000,2800000000,A,10003,15
book,68,2,2798800000,2800000000,B,10002,26
book,68,3,2798400000,2800000000,A,10002,37
book,69,1,2849200000,2850000000,B,10001,22
book,69,2,2848800000,2850000000,A,10004,33
book,69,3,2848400000,2850000000,B,10000,44
book,70,1,2899200000,2900000000,A,10003,29
book,70,2,2898800000,2900000000,B,10002,40
book,70,3,2898400000,2900000000,A,10002,20
book,71,1,2949200000,2950000000,B,10001,36
book,71,2,2948800000,2950000000,A,10004,16
book,71,3,2948400000,2950000000,B,10000,27
book,72,1,2999200000,3000000000,A,10003,43
book,72,2,2998800000,3000000000,B,10002,23
book,72,3,2998400000,3000000000,A,10002,34
book,73,1,3049200000,3050000000,B,10001,19
book,73,2,3048800000,3050000000,A,10004,30
book,73,3,3048400000,3050000000,B,10000,41
book,74,1,3099200000,3100000000,A,10003,26
book,74,2,3098800000,3100000000,B,10002,37
book,74,3,3098400000,3100000000,A,10002,17
book,75,1,3149200000,3150000000,B,10001,33
book,75,2,3148800000,3150000000,A,10004,44
book,75,3,3148400000,3150000000,B,10000,24
book,76,1,3199200000,3200000000,A,10003,40
book,76,2,3198800000,3200000000,B,10002,20
book,76,3,3198400000,3200000000,A,10002,31
book,77,1,3249200000,3250000000,B,10001,16
book,77,2,3248800000,3250000000,A,10004,27
book,77,3,3248400000,3250000000,B,10000,38
book,78,1,3299200000,3300000000,A,10003,23
book,78,2,3298800000,3300000000,B,10002,34
book,78,3,3298400000,3300000000,A,10002,45
book,79,1,3349200000,3350000000,B,10001,30
book,79,2,3348800000,3350000000,A,10004,41
book,79,3,3348400000,3350000000,B,10000,21
book,80,1,3399200000,3400000000,A,10003,37
book,80,2,3398800000,3400000000,B,10002,17
book,80,3,3398400000,3400000000,A,10002,28
book,81,1,3449200000,3450000000,B,10001,44
book,81,2,3448800000,3450000000,A,10004,24
book,81,3,3448400000,3450000000,B,10000,35
book,82,1,3499200000,3500000000,A,10003,20
book,82,2,3498800000,3500000000,B,10002,31
book,82,3,3498400000,3500000000,A,10002,42
book,83,1,3549200000,3550000000,B,10001,27
book,83,2,3548800000,3550000000,A,10004,38
book,83,3,3548400000,3550000000,B,10000,18
book,84,1,3599200000,3600000000,A,10003,34
book,84,2,3598800000,3600000000,B,10002,45
book,84,3,3598400000,3600000000,A,10002,25
book,85,1,3649200000,3650000000,B,10001,41
book,85,2,3648800000,3650000000,A,10004,21
book,85,3,3648400000,3650000000,B,10000,32
book,86,1,3699200000,3700000000,A,10003,17
book,86,2,3698800000,3700000000,B,10002,28
book,86,3,3698400000,3700000000,A,10002,39
book,87,1,3749200000,3750000000,B,10001,24
book,87,2,3748800000,3750000000,A,10004,35
book,87,3,3748400000,3750000000,B,10000,15
trade,100007,1,3749200000,3750000000,B,10003,4
trade,100008,1,3749200000,3750000000,S,10001,6
trade,100009,1,3749200000,3750000000,B,10003,8
trade,200007,2,3748800000,3750000000,S,10002,5
trade,200008,2,3748800000,3750000000,B,10004,7
trade,200009,2,3748800000,3750000000,S,10002,9
book,88,1,3799200000,3800000000,A,10003,31
book,88,2,3798800000,3800000000,B,10002,42
book,88,3,3798400000,3800000000,A,10002,22
book,89,1,3849200000,3850000000,B,10001,38
book,89,2,3848800000,3850000000,A,10004,18
book,89,3,3848400000,3850000000,B,10000,29
book,90,1,3899200000,3900000000,A,10003,45
book,90,2,3898800000,3900000000,B,10002,25
book,90,3,3898400000,3900000000,A,10002,36
book,91,1,3949200000,3950000000,B,10001,21
book,91,2,3948800000,3950000000,A,10004,32
book,91,3,3948400000,3950000000,B,10000,43
book,92,2,3998800000,4000000000,A,10003,26
book,93,2,3998800000,4000000000,B,10001,30
book,94,2,3998800000,4000000000,B,10002,0
book,92,1,3999200000,4000000000,A,10003,28
book,95,2,3998800000,4000000000,B,10001,39
book,92,3,3998400000,4000000000,A,10002,19
book,93,1,4049200000,4050000000,A,10002,24
book,94,1,4049200000,4050000000,B,10000,27
book,95,1,4049200000,4050000000,B,10001,0
book,96,1,4049200000,4050000000,B,10000,35
book,96,2,4048800000,4050000000,A,10003,15
book,93,3,4048400000,4050000000,B,10000,26
book,94,3,4098400000,4100000000,A,10001,28
book,95,3,4098400000,4100000000,B,9999,33
book,96,3,4098400000,4100000000,B,10000,0
book,97,1,4099200000,4100000000,A,10002,42
book,97,2,4098800000,4100000000,B,10001,22
book,97,3,4098400000,4100000000,A,10001,33
book,98,1,4149200000,4150000000,B,10000,18
book,98,2,4148800000,4150000000,A,10003,29
book,98,3,4148400000,4150000000,B,9999,40
book,99,1,4199200000,4200000000,A,10002,25
book,99,2,4198800000,4200000000,B,10001,36
book,99,3,4198400000,4200000000,A,10001,16
book,100,1,4249200000,4250000000,B,10000,32
book,100,2,4248800000,4250000000,A,10003,43
book,100,3,4248400000,4250000000,B,9999,23
book,101,1,4299200000,4300000000,A,10002,39
book,101,2,4298800000,4300000000,B,10001,19
book,101,3,4298400000,4300000000,A,10001,30
book,102,1,4349200000,4350000000,B,10000,15
book,102,2,4348800000,4350000000,A,10003,26
book,102,3,4348400000,4350000000,B,9999,37
book,103,1,4399200000,4400000000,A,10002,22
book,103,2,4398800000,4400000000,B,10001,33
book,103,3,4398400000,4400000000,A,10001,44
book,104,1,4449200000,4450000000,B,10000,29
book,104,2,4448800000,4450000000,A,10003,40
book,104,3,4448400000,4450000000,B,9999,20
book,105,1,4499200000,4500000000,A,10002,36
book,105,2,4498800000,4500000000,B,10001,16
book,105,3,4498400000,4500000000,A,10001,27
book,106,1,4549200000,4550000000,B,10000,43
book,106,2,4548800000,4550000000,A,10003,23
book,106,3,4548400000,4550000000,B,9999,34
book,107,1,4599200000,4600000000,A,10002,19
book,107,2,4598800000,4600000000,B,10001,30
book,107,3,4598400000,4600000000,A,10001,41
book,108,1,4649200000,4650000000,B,10000,26
book,108,2,4648800000,4650000000,A,10003,37
book,108,3,4648400000,4650000000,B,9999,17
book,109,1,4699200000,4700000000,A,10002,33
book,109,2,4698800000,4700000000,B,10001,44
book,109,3,4698400000,4700000000,A,10001,24
book,110,1,4749200000,4750000000,B,10000,40
book,110,2,4748800000,4750000000,A,10003,20
book,110,3,4748400000,4750000000,B,9999,31
book,111,1,4799200000,4800000000,A,10002,16
book,111,2,4798800000,4800000000,B,10001,27
book,111,3,4798400000,4800000000,A,10001,38
book,112,1,4849200000,4850000000,B,10000,23
book,112,2,4848800000,4850000000,A,10003,34
book,112,3,4848400000,4850000000,B,9999,45
book,113,1,4899200000,4900000000,A,10002,30
book,113,2,4898800000,4900000000,B,10001,41
book,113,3,4898400000,4900000000,A,10001,21
book,114,1,4949200000,4950000000,B,10000,37
book,114,2,4948800000,4950000000,A,10003,17
book,114,3,4948400000,4950000000,B,9999,28
book,115,1,4999200000,5000000000,A,10003,26
book,116,1,4999200000,5000000000,A,10002,0
book,117,1,4999200000,5000000000,A,10003,44
book,115,2,4998800000,5000000000,B,10001,24
book,115,3,4998400000,5000000000,A,10001,35
trade,100010,1,4999200000,5000000000,S,10000,4
trade,100011,1,4999200000,5000000000,B,10003,6
trade,100012,1,4999200000,5000000000,S,10000,8
trade,200010,2,4998800000,5000000000,B,10003,5
trade,200011,2,4998800000,5000000000,S,10001,7
trade,200012,2,4998800000,5000000000,B,10003,9
book,118,1,5049200000,5050000000,B,10000,20
book,116,2,5048800000,5050000000,A,10003,31
book,116,3,5048400000,5050000000,B,9999,42
book,119,1,5099200000,5100000000,A,10003,27
book,117,2,5098800000,5100000000,B,10001,38
book,117,3,5098400000,5100000000,A,10001,18
book,120,1,5149200000,5150000000,B,10000,34
book,118,2,5148800000,5150000000,A,10003,45
book,118,3,5148400000,5150000000,B,9999,25
book,121,1,5199200000,5200000000,A,10002,23
book,122,1,5199200000,5200000000,A,10002,41
book,119,2,5198800000,5200000000,B,10001,21
book,119,3,5198400000,5200000000,A,10001,32
book,123,1,5249200000,5250000000,B,10000,17
book,120,2,5248800000,5250000000,A,10003,28
book,120,3,5248400000,5250000000,B,9999,39
book,124,1,5299200000,5300000000,A,10002,24
book,121,2,5298800000,5300000000,B,10001,35
book,121,3,5298400000,5300000000,A,10001,15
book,125,1,5349200000,5350000000,B,10000,31
book,122,2,5348800000,5350000000,A,10003,42
book,122,3,5348400000,5350000000,B,9999,22
book,126,1,5399200000,5400000000,A,10002,38
book,123,2,5398800000,5400000000,B,10001,18
book,123,3,5398400000,5400000000,A,10001,29
book,127,1,5449200000,5450000000,B,10000,45
book,124,2,5448800000,5450000000,A,10003,25
book,124,3,5448400000,5450000000,B,9999,36
book,128,1,5499200000,5500000000,A,10002,21
book,125,2,5498800000,5500000000,B,10001,32
book,125,3,5498400000,5500000000,A,10001,43
book,129,1,5549200000,5550000000,B,10000,28
book,126,2,5548800000,5550000000,A,10003,39
book,126,3,5548400000,5550000000,B,9999,19
book,130,1,5599200000,5600000000,A,10002,35
book,127,2,5598800000,5600000000,B,10001,15
book,127,3,5598400000,5600000000,A,10001,26
book,131,1,5649200000,5650000000,B,10000,42
book,128,2,5648800000,5650000000,A,10003,22
book,128,3,5648400000,5650000000,B,9999,33
book,132,1,5699200000,5700000000,A,10002,18
book,129,2,5698800000,5700000000,B,10001,29
book,129,3,5698400000,5700000000,A,10001,40
book,133,1,5749200000,5750000000,B,10000,25
book,130,2,5748800000,5750000000,A,10003,36
book,130,3,5748400000,5750000000,B,9999,16
book,134,1,5799200000,5800000000,A,10002,32
book,131,2,5798800000,5800000000,B,10001,43
book,131,3,5798400000,5800000000,A,10001,23
book,135,1,5849200000,5850000000,B,10000,39
book,132,2,5848800000,5850000000,A,10003,19
book,132,3,5848400000,5850000000,B,9999,30
book,136,1,5899200000,5900000000,A,10002,15
book,133,2,5898800000,5900000000,B,10001,26
book,133,3,5898400000,5900000000,A,10001,37
book,137,1,5949200000,5950000000,B,10000,22
book,134,2,5948800000,5950000000,A,10003,33
book,134,3,5948400000,5950000000,B,9999,44
book,138,1,5999200000,6000000000,B,10001,27
book,139,1,5999200000,6000000000,A,10003,24
book,140,1,5999200000,6000000000,A,10002,0
book,141,1,5999200000,6000000000,A,10003,29
book,135,2,5998800000,6000000000,B,10001,40
book,135,3,5998400000,6000000000,A,10001,20
book,142,1,6049200000,6050000000,B,10001,36
book,136,2,6048800000,6050000000,A,10003,16
book,136,3,6048400000,6050000000,B,9999,27
book,143,1,6099200000,6100000000,A,10003,43
book,137,2,6098800000,6100000000,B,10001,23
book,137,3,6098400000,6100000000,A,10001,34
book,138,2,6148800000,6150000000,B,10002,30
book,139,2,6148800000,6150000000,A,10004,26
book,140,2,6148800000,6150000000,A,10003,0
book,144,1,6149200000,6150000000,B,10001,19
book,141,2,6148800000,6150000000,A,10004,30
book,138,3,6148400000,6150000000,B,9999,41
book,145,1,6199200000,6200000000,A,10003,26
book,142,2,6198800000,6200000000,B,10002,37
book,139,3,6198400000,6200000000,A,10001,17
book,146,1,6249200000,6250000000,B,10001,33
book,143,2,6248800000,6250000000,A,10004,44
book,140,3,6248400000,6250000000,B,9999,24
trade,100013,1,6249200000,6250000000,B,10003,4
trade,100014,1,6249200000,6250000000,S,10001,6
trade,100015,1,6249200000,6250000000,B,10003,8
trade,200013,2,6248800000,6250000000,S,10002,5
trade,200014,2,6248800000,6250000000,B,10004,7
trade,200015,2,6248800000,6250000000,S,10002,9
book,141,3,6298400000,6300000000,B,10000,33
book,142,3,6298400000,6300000000,A,10002,28
book,143,3,6298400000,6300000000,A,10001,0
book,147,1,6299200000,6300000000,A,10003,40
book,144,2,6298800000,6300000000,B,10002,20
book,144,3,6298400000,6300000000,A,10002,31
book,148,1,6349200000,6350000000,B,10001,16
book,145,2,6348800000,6350000000,A,10004,27
book,145,3,6348400000,6350000000,B,10000,38
book,149,1,6399200000,6400000000,A,10003,23
book,146,2,6398800000,6400000000,B,10002,34
book,146,3,6398400000,6400000000,A,10002,45
book,150,1,6449200000,6450000000,B,10001,30
book,147,2,6448800000,6450000000,A,10004,41
book,147,3,6448400000,6450000000,B,10000,21
book,151,1,6499200000,6500000000,A,10003,37
book,148,2,6498800000,6500000000,B,10002,17
book,148,3,6498400000,6500000000,A,10002,28
book,152,1,6549200000,6550000000,B,10001,44
book,149,2,6548800000,6550000000,A,10004,24
book,149,3,6548400000,6550000000,B,10000,35
book,153,1,6599200000,6600000000,A,10003,20
book,150,2,6598800000,6600000000,B,10002,31
book,150,3,6598400000,6600000000,A,10002,42
book,154,1,6649200000,6650000000,B,10001,27
book,151,2,6648800000,6650000000,A,10004,38
book,151,3,6648400000,6650000000,B,10000,18
book,155,1,6699200000,6700000000,A,10003,34
book,152,2,6698800000,6700000000,B,10002,45
book,152,3,6698400000,6700000000,A,10002,25
book,156,1,6749200000,6750000000,B,10001,41
book,153,2,6748800000,6750000000,A,10004,21
book,153,3,6748400000,6750000000,B,10000,32
book,157,1,6799200000,6800000000,A,10003,17
book,154,2,6798800000,6800000000,B,10002,28
book,154,3,6798400000,6800000000,A,10002,39
book,158,1,6849200000,6850000000,B,10001,24
book,155,2,6848800000,6850000000,A,10004,35
book,155,3,6848400000,6850000000,B,10000,15
book,159,1,6899200000,6900000000,A,10003,31
book,156,2,6898800000,6900000000,B,10002,42
book,156,3,6898400000,6900000000,A,10002,22
book,160,1,6949200000,6950000000,B,10001,38
book,157,2,6948800000,6950000000,A,10004,18
book,157,3,6948400000,6950000000,B,10000,29
book,161,1,6999200000,7000000000,A,10003,45
book,158,2,6998800000,7000000000,B,10002,25
book,158,3,6998400000,7000000000,A,10002,36
book,162,1,7049200000,7050000000,B,10001,21
book,159,2,7048800000,7050000000,A,10004,32
book,159,3,7048400000,7050000000,B,10000,43
book,163,1,7099200000,7100000000,A,10003,28
book,160,2,7098800000,7100000000,B,10002,39
book,160,3,7098400000,7100000000,A,10002,19
book,164,1,7149200000,7150000000,B,10001,35
book,161,2,7148800000,7150000000,A,10004,15
book,161,3,7148400000,7150000000,B,10000,26
book,165,1,7199200000,7200000000,A,10003,42
book,162,2,7198800000,7200000000,B,10002,22
book,162,3,7198400000,7200000000,A,10002,33
book,166,1,7249200000,7250000000,B,10001,18
book,163,2,7248800000,7250000000,A,10004,29
book,163,3,7248400000,7250000000,B,10000,40
book,167,1,7299200000,7300000000,A,10003,25
book,164,2,7298800000,7300000000,B,10002,36
book,164,3,7298400000,7300000000,A,10002,16
book,168,1,7349200000,7350000000,B,10001,32
book,165,2,7348800000,7350000000,A,10004,43
book,165,3,7348400000,7350000000,B,10000,23
book,169,1,7399200000,7400000000,A,10003,39
book,166,2,7398800000,7400000000,B,10002,19
book,166,3,7398400000,7400000000,A,10002,30
book,170,1,7449200000,7450000000,B,10001,15
book,167,2,7448800000,7450000000,A,10004,26
book,167,3,7448400000,7450000000,B,10000,37
book,171,1,7499200000,7500000000,A,10003,22
book,168,2,7498800000,7500000000,B,10002,33
book,168,3,7498400000,7500000000,A,10002,44
trade,100016,1,7499200000,7500000000,S,10001,4
trade,100017,1,7499200000,7500000000,B,10003,6
trade,100018,1,7499200000,7500000000,S,10001,8
trade,200016,2,7498800000,7500000000,B,10004,5
trade,200017,2,7498800000,7500000000,S,10002,7
trade,200018,2,7498800000,7500000000,B,10004,9
book,172,1,7549200000,7550000000,B,10001,29
book,169,2,7548800000,7550000000,A,10004,40
book,169,3,7548400000,7550000000,B,10000,20
book,173,1,7599200000,7600000000,A,10003,36
book,170,2,7598800000,7600000000,B,10002,16
book,170,3,7598400000,7600000000,A,10002,27
book,174,1,7649200000,7650000000,B,10001,43
book,171,2,7648800000,7650000000,A,10004,23
book,171,3,7648400000,7650000000,B,10000,34
book,175,1,7699200000,7700000000,A,10003,19
book,172,2,7698800000,7700000000,B,10002,30
book,172,3,7698400000,7700000000,A,10002,41
book,176,1,7749200000,7750000000,B,10001,26
book,173,2,7748800000,7750000000,A,10004,37
book,173,3,7748400000,7750000000,B,10000,17
book,177,1,7799200000,7800000000,A,10003,33
book,174,2,7798800000,7800000000,B,10002,44
book,174,3,7798400000,7800000000,A,10002,24
book,178,1,7849200000,7850000000,B,10001,40
book,175,2,7848800000,7850000000,A,10004,20
book,175,3,7848400000,7850000000,B,10000,31
book,179,1,7899200000,7900000000,A,10003,16
book,176,2,7898800000,7900000000,B,10002,27
book,176,3,7898400000,7900000000,A,10002,38
book,180,1,7949200000,7950000000,B,10001,23
book,177,2,7948800000,7950000000,A,10004,34
book,177,3,7948400000,7950000000,B,10000,45
book,178,2,7998800000,8000000000,B,10003,30
book,179,2,7998800000,8000000000,A,10005,26
book,180,2,7998800000,8000000000,A,10004,0
book,181,1,7999200000,8000000000,A,10003,30
book,181,2,7998800000,8000000000,B,10003,41
book,178,3,7998400000,8000000000,A,10002,21
book,182,1,8049200000,8050000000,B,10001,37
book,182,2,8048800000,8050000000,A,10005,17
book,179,3,8048400000,8050000000,B,10000,28
book,183,1,8099200000,8100000000,A,10003,44
book,183,2,8098800000,8100000000,B,10003,24
book,180,3,8098400000,8100000000,A,10002,35
book,184,1,8149200000,8150000000,B,10002,27
book,185,1,8149200000,8150000000,A,10004,24
book,186,1,8149200000,8150000000,A,10003,0
book,187,1,8149200000,8150000000,B,10002,20
book,184,2,8148800000,8150000000,A,10005,31
book,181,3,8148400000,8150000000,B,10000,42
book,188,1,8199200000,8200000000,A,10004,27
book,185,2,8198800000,8200000000,B,10003,38
book,182,3,8198400000,8200000000,A,10002,18
book,189,1,8249200000,8250000000,B,10002,34
book,186,2,8248800000,8250000000,A,10005,45
book,183,3,8248400000,8250000000,B,10000,25
book,184,3,8298400000,8300000000,B,10001,33
book,185,3,8298400000,8300000000,A,10003,28
book,186,3,8298400000,8300000000,A,10002,0
book,190,1,8299200000,8300000000,A,10004,41
book,187,2,8298800000,8300000000,B,10003,21
book,187,3,8298400000,8300000000,A,10003,32
book,191,1,8349200000,8350000000,B,10002,17
book,188,2,8348800000,8350000000,A,10005,28
book,188,3,8348400000,8350000000,B,10001,39
book,192,1,8399200000,8400000000,A,10004,24
book,189,2,8398800000,8400000000,B,10003,35
book,189,3,8398400000,8400000000,A,10003,15
book,193,1,8449200000,8450000000,B,10002,31
book,190,2,8448800000,8450000000,A,10005,42
book,190,3,8448400000,8450000000,B,10001,22
book,194,1,8499200000,8500000000,A,10004,38
book,191,2,8498800000,8500000000,B,10003,18
book,191,3,8498400000,8500000000,A,10003,29
book,195,1,8549200000,8550000000,B,10002,45
book,192,2,8548800000,8550000000,A,10005,25
book,192,3,8548400000,8550000000,B,10001,36
book,196,1,8599200000,8600000000,A,10004,21
book,193,2,8598800000,8600000000,B,10003,32
book,193,3,8598400000,8600000000,A,10003,43
book,197,1,8649200000,8650000000,B,10002,28
book,194,2,8648800000,8650000000,A,10005,39
book,194,3,8648400000,8650000000,B,10001,19
book,198,1,8699200000,8700000000,A,10004,35
book,195,2,8698800000,8700000000,B,10003,15
book,195,3,8698400000,8700000000,A,10003,26
book,199,1,8749200000,8750000000,B,10002,42
book,196,2,8748800000,8750000000,A,10005,22
book,196,3,8748400000,8750000000,B,10001,33
trade,100019,1,8749200000,8750000000,B,10004,4
trade,100020,1,8749200000,8750000000,S,10002,6
trade,100021,1,8749200000,8750000000,B,10004,8
trade,200019,2,8748800000,8750000000,S,10003,5
trade,200020,2,8748800000,8750000000,B,10005,7
trade,200021,2,8748800000,8750000000,S,10003,9
book,200,1,8799200000,8800000000,A,10004,18
book,197,2,8798800000,8800000000,B,10003,29
book,197,3,8798400000,8800000000,A,10003,40
book,201,1,8849200000,8850000000,B,10002,25
book,198,2,8848800000,8850000000,A,10005,36
book,198,3,8848400000,8850000000,B,10001,16
book,202,1,8899200000,8900000000,A,10004,32
book,199,2,8898800000,8900000000,B,10003,43
book,199,3,8898400000,8900000000,A,10003,23
book,203,1,8949200000,8950000000,B,10002,39
book,200,2,8948800000,8950000000,A,10005,19
book,200,3,8948400000,8950000000,B,10001,30
book,204,1,8999200000,9000000000,A,10004,15
book,201,2,8998800000,9000000000,B,10003,26
book,201,3,8998400000,9000000000,A,10003,37
book,205,1,9049200000,9050000000,B,10002,22
book,202,2,9048800000,9050000000,A,10005,33
book,202,3,9048400000,9050000000,B,10001,44
book,206,1,9099200000,9100000000,A,10004,29
book,203,2,9098800000,9100000000,B,10003,40
book,203,3,9098400000,9100000000,A,10003,20
book,207,1,9149200000,9150000000,B,10002,36
book,204,2,9148800000,9150000000,A,10005,16
book,204,3,9148400000,9150000000,B,10001,27
book,208,1,9199200000,9200000000,A,10004,43
book,205,2,9198800000,9200000000,B,10003,23
book,205,3,9198400000,9200000000,A,10003,34
book,209,1,9249200000,9250000000,B,10002,19
book,206,2,9248800000,9250000000,A,10005,30
book,206,3,9248400000,9250000000,B,10001,41
book,210,1,9299200000,9300000000,A,10004,26
book,207,2,9298800000,9300000000,B,10003,37
book,207,3,9298400000,9300000000,A,10003,17
book,211,1,9349200000,9350000000,B,10002,33
book,208,2,9348800000,9350000000,A,10005,44
book,208,3,9348400000,9350000000,B,10001,24
book,212,1,9399200000,9400000000,A,10004,40
book,209,2,9398800000,9400000000,B,10003,20
book,209,3,9398400000,9400000000,A,10003,31
book,213,1,9449200000,9450000000,B,10002,16
book,210,2,9448800000,9450000000,A,10005,27
book,210,3,9448400000,9450000000,B,10001,38
book,214,1,9499200000,9500000000,A,10004,23
book,211,2,9498800000,9500000000,B,10003,34
book,211,3,9498400000,9500000000,A,10003,45
book,215,1,9549200000,9550000000,B,10002,30
book,212,2,9548800000,9550000000,A,10005,41
book,212,3,9548400000,9550000000,B,10001,21
book,216,1,9599200000,9600000000,A,10004,37
book,213,2,9598800000,9600000000,B,10003,17
book,213,3,9598400000,9600000000,A,10003,28
book,217,1,9649200000,9650000000,B,10002,44
book,214,2,9648800000,9650000000,A,10005,24
book,214,3,9648400000,9650000000,B,10001,35
book,218,1,9699200000,9700000000,A,10004,20
book,215,2,9698800000,9700000000,B,10003,31
book,215,3,9698400000,9700000000,A,10003,42
book,219,1,9749200000,9750000000,B,10002,27
book,216,2,9748800000,9750000000,A,10005,38
book,216,3,9748400000,9750000000,B,10001,18
book,220,1,9799200000,9800000000,A,10004,34
book,217,2,9798800000,9800000000,B,10003,45
book,217,3,9798400000,9800000000,A,10003,25
book,221,1,9849200000,9850000000,B,10002,41
book,218,2,9848800000,9850000000,A,10005,21
book,218,3,9848400000,9850000000,B,10001,32
book,222,1,9899200000,9900000000,A,10004,17
book,219,2,9898800000,9900000000,B,10003,28
book,219,3,9898400000,9900000000,A,10003,39
book,223,1,9949200000,9950000000,B,10002,24
book,220,2,9948800000,9950000000,A,10005,35
book,220,3,9948400000,9950000000,B,10001,15
book,224,1,9999200000,10000000000,A,10004,31
book,221,2,9998800000,10000000000,B,10003,42
trade,100022,1,9999200000,10000000000,S,10002,4
trade,100023,1,9999200000,10000000000,B,10004,6
trade,100024,1,9999200000,10000000000,S,10002,8
trade,200022,2,9998800000,10000000000,B,10005,5
trade,200023,2,9998800000,10000000000,S,10003,7
trade,200024,2,9998800000,10000000000,B,10005,9
book,225,1,10049200000,10050000000,B,10002,38
book,222,2,10048800000,10050000000,A,10005,18
book,226,1,10099200000,10100000000,A,10004,45
book,223,2,10098800000,10100000000,B,10003,25
book,227,1,10149200000,10150000000,B,10002,21
book,224,2,10148800000,10150000000,A,10005,32
book,228,1,10199200000,10200000000,A,10004,28
book,225,2,10198800000,10200000000,B,10003,39
book,229,1,10249200000,10250000000,B,10002,35
book,226,2,10248800000,10250000000,A,10005,15
book,230,1,10299200000,10300000000,A,10004,42
book,227,2,10298800000,10300000000,B,10003,22
book,231,1,10349200000,10350000000,B,10002,18
book,228,2,10348800000,10350000000,A,10005,29
book,232,1,10399200000,10400000000,A,10004,25
book,229,2,10398800000,10400000000,B,10003,36
book,233,1,10449200000,10450000000,B,10002,32
book,230,2,10448800000,10450000000,A,10005,43
book,221,3,10448400000,10450000000,B,10001,23
book,234,1,10499200000,10500000000,A,10004,39
book,231,2,10498800000,10500000000,B,10003,19
book,222,3,10498400000,10500000000,A,10003,30
book,235,1,10549200000,10550000000,B,10002,15
book,232,2,10548800000,10550000000,A,10005,26
book,223,3,10548400000,10550000000,B,10001,37
book,236,1,10599200000,10600000000,A,10004,22
book,233,2,10598800000,10600000000,B,10003,33
book,224,3,10598400000,10600000000,A,10003,44
book,237,1,10649200000,10650000000,B,10002,29
book,234,2,10648800000,10650000000,A,10005,40
book,225,3,10648400000,10650000000,B,10001,20
book,238,1,10699200000,10700000000,A,10004,36
book,235,2,10698800000,10700000000,B,10003,16
book,226,3,10698400000,10700000000,A,10003,27
book,239,1,10749200000,10750000000,B,10002,43
book,236,2,10748800000,10750000000,A,10005,23
book,227,3,10748400000,10750000000,B,10001,34
book,240,1,10799200000,10800000000,A,10004,19
book,237,2,10798800000,10800000000,B,10003,30
book,228,3,10798400000,10800000000,A,10003,41
book,241,1,10849200000,10850000000,B,10002,26
book,238,2,10848800000,10850000000,A,10005,37
book,229,3,10848400000,10850000000,B,10001,17
book,242,1,10899200000,10900000000,A,10004,33
book,239,2,10898800000,10900000000,B,10003,44
book,230,3,10898400000,10900000000,A,10003,24
book,243,1,10949200000,10950000000,B,10002,40
book,240,2,10948800000,10950000000,A,10005,20
book,231,3,10948400000,10950000000,B,10001,31
book,244,1,10999200000,11000000000,A,10004,16
book,241,2,10998800000,11000000000,B,10003,27
book,232,3,10998400000,11000000000,A,10003,38
book,245,1,11049200000,11050000000,B,10002,23
book,242,2,11048800000,11050000000,A,10005,34
book,233,3,11048400000,11050000000,B,10001,45
book,246,1,11099200000,11100000000,A,10004,30
book,243,2,11098800000,11100000000,B,10003,41
book,234,3,11098400000,11100000000,A,10003,21
book,247,1,11149200000,11150000000,B,10002,37
book,244,2,11148800000,11150000000,A,10005,17
book,235,3,11148400000,11150000000,B,10001,28
book,248,1,11199200000,11200000000,A,10004,44
book,245,2,11198800000,11200000000,B,10003,24
book,236,3,11198400000,11200000000,A,10003,35
book,249,1,11249200000,11250000000,B,10002,20
book,246,2,11248800000,11250000000,A,10005,31
book,237,3,11248400000,11250000000,B,10001,42
trade,100025,1,11249200000,11250000000,B,10004,4
trade,100026,1,11249200000,11250000000,S,10002,6
trade,100027,1,11249200000,11250000000,B,10004,8
trade,200025,2,11248800000,11250000000,S,10003,5
trade,200026,2,11248800000,11250000000,B,10005,7
trade,200027,2,11248800000,11250000000,S,10003,9
book,250,1,11299200000,11300000000,A,10004,27
book,247,2,11298800000,11300000000,B,10003,38
book,238,3,11298400000,11300000000,A,10003,18
book,251,1,11349200000,11350000000,B,10002,34
book,248,2,11348800000,11350000000,A,10005,45
book,239,3,11348400000,11350000000,B,10001,25
book,252,1,11399200000,11400000000,A,10004,41
book,249,2,11398800000,11400000000,B,10003,21
book,240,3,11398400000,11400000000,A,10003,32
book,253,1,11449200000,11450000000,B,10002,17
book,250,2,11448800000,11450000000,A,10005,28
book,241,3,11448400000,11450000000,B,10001,39
book,254,1,11499200000,11500000000,A,10004,24
book,251,2,11498800000,11500000000,B,10003,35
book,242,3,11498400000,11500000000,A,10003,15
book,255,1,11549200000,11550000000,B,10002,31
book,252,2,11548800000,11550000000,A,10005,42
book,243,3,11548400000,11550000000,B,10001,22
book,256,1,11599200000,11600000000,A,10004,38
book,253,2,11598800000,11600000000,B,10003,18
book,244,3,11598400000,11600000000,A,10003,29
book,257,1,11649200000,11650000000,B,10002,45
book,254,2,11648800000,11650000000,A,10005,25
book,245,3,11648400000,11650000000,B,10001,36
book,258,1,11699200000,11700000000,A,10004,21
book,255,2,11698800000,11700000000,B,10003,32
book,246,3,11698400000,11700000000,A,10003,43
book,259,1,11749200000,11750000000,B,10002,28
book,256,2,11748800000,11750000000,A,10005,39
book,247,3,11748400000,11750000000,B,10001,19
book,260,1,11799200000,11800000000,A,10004,35
book,257,2,11798800000,11800000000,B,10003,15
book,248,3,11798400000,11800000000,A,10003,26
book,261,1,11849200000,11850000000,B,10002,42
book,258,2,11848800000,11850000000,A,10005,22
book,249,3,11848400000,11850000000,B,10001,33
book,262,1,11899200000,11900000000,A,10004,18
book,259,2,11898800000,11900000000,B,10003,29
book,250,3,11898400000,11900000000,A,10003,40
book,263,1,11949200000,11950000000,B,10002,25
book,260,2,11948800000,11950000000,A,10005,36
book,251,3,11948400000,11950000000,B,10001,16
book,264,1,11999200000,12000000000,A,10003,24
book,265,1,11999200000,12000000000,B,10001,27
book,266,1,11999200000,12000000000,B,10002,0
book,267,1,11999200000,12000000000,A,10003,32
book,261,2,11998800000,12000000000,B,10003,43
book,252,3,11998400000,12000000000,A,10003,23
book,262,2,12048800000,12050000000,A,10004,26
book,263,2,12048800000,12050000000,B,10002,30
book,264,2,12048800000,12050000000,B,10003,0
book,268,1,12049200000,12050000000,B,10001,39
book,265,2,12048800000,12050000000,A,10004,19
book,253,3,12048400000,12050000000,B,10001,30
book,254,3,12098400000,12100000000,A,10002,28
book,255,3,12098400000,12100000000,B,10000,33
book,256,3,12098400000,12100000000,B,10001,0
book,269,1,12099200000,12100000000,A,10003,15
book,266,2,12098800000,12100000000,B,10002,26
book,257,3,12098400000,12100000000,A,10002,37
book,270,1,12149200000,12150000000,B,10001,22
book,267,2,12148800000,12150000000,A,10004,33
book,258,3,12148400000,12150000000,B,10000,44
book,271,1,12199200000,12200000000,A,10003,29
book,268,2,12198800000,12200000000,B,10002,40
book,259,3,12198400000,12200000000,A,10002,20
book,272,1,12249200000,12250000000,B,10001,36
book,269,2,12248800000,12250000000,A,10004,16
book,260,3,12248400000,12250000000,B,10000,27
book,273,1,12299200000,12300000000,A,10003,43
book,270,2,12298800000,12300000000,B,10002,23
book,261,3,12298400000,12300000000,A,10002,34
book,274,1,12349200000,12350000000,B,10001,19
book,271,2,12348800000,12350000000,A,10004,30
book,262,3,12348400000,12350000000,B,10000,41
book,275,1,12399200000,12400000000,A,10003,26
book,272,2,12398800000,12400000000,B,10002,37
book,263,3,12398400000,12400000000,A,10002,17
book,276,1,12449200000,12450000000,B,10001,33
book,273,2,12448800000,12450000000,A,10004,44
book,264,3,12448400000,12450000000,B,10000,24
book,277,1,12499200000,12500000000,A,10003,40
book,274,2,12498800000,12500000000,B,10002,20
book,265,3,12498400000,12500000000,A,10002,31
trade,100028,1,12499200000,12500000000,S,10001,4
trade,100029,1,12499200000,12500000000,B,10003,6
trade,100030,1,12499200000,12500000000,S,10001,8
trade,200028,2,12498800000,12500000000,B,10004,5
trade,200029,2,12498800000,12500000000,S,10002,7
trade,200030,2,12498800000,12500000000,B,10004,9
book,278,1,12549200000,12550000000,B,10001,16
book,275,2,12548800000,12550000000,A,10004,27
book,266,3,12548400000,12550000000,B,10000,38
book,279,1,12599200000,12600000000,A,10003,23
book,276,2,12598800000,12600000000,B,10002,34
book,267,3,12598400000,12600000000,A,10002,45
book,280,1,12649200000,12650000000,B,10001,30
book,277,2,12648800000,12650000000,A,10004,41
book,268,3,12648400000,12650000000,B,10000,21
book,281,1,12699200000,12700000000,A,10003,37
book,278,2,12698800000,12700000000,B,10002,17
book,269,3,12698400000,12700000000,A,10002,28
book,282,1,12749200000,12750000000,B,10001,44
book,279,2,12748800000,12750000000,A,10004,24
book,270,3,12748400000,12750000000,B,10000,35
book,283,1,12799200000,12800000000,A,10003,20
book,280,2,12798800000,12800000000,B,10002,31
book,271,3,12798400000,12800000000,A,10002,42
book,284,1,12849200000,12850000000,B,10001,27
book,281,2,12848800000,12850000000,A,10004,38
book,272,3,12848400000,12850000000,B,10000,18
book,285,1,12899200000,12900000000,A,10003,34
book,282,2,12898800000,12900000000,B,10002,45
book,273,3,12898400000,12900000000,A,10002,25
book,286,1,12949200000,12950000000,B,10001,41
book,283,2,12948800000,12950000000,A,10004,21
book,274,3,12948400000,12950000000,B,10000,32
book,287,1,12999200000,13000000000,A,10003,17
book,284,2,12998800000,13000000000,B,10002,28
book,275,3,12998400000,13000000000,A,10002,39
book,288,1,13049200000,13050000000,B,10001,24
book,285,2,13048800000,13050000000,A,10004,35
book,276,3,13048400000,13050000000,B,10000,15
book,289,1,13099200000,13100000000,A,10003,31
book,286,2,13098800000,13100000000,B,10002,42
book,277,3,13098400000,13100000000,A,10002,22
book,290,1,13149200000,13150000000,B,10001,38
book,287,2,13148800000,13150000000,A,10004,18
book,278,3,13148400000,13150000000,B,10000,29
book,291,1,13199200000,13200000000,A,10003,45
book,288,2,13198800000,13200000000,B,10002,25
book,279,3,13198400000,13200000000,A,10002,36
book,292,1,13249200000,13250000000,B,10001,21
book,289,2,13248800000,13250000000,A,10004,32
book,280,3,13248400000,13250000000,B,10000,43
book,293,1,13299200000,13300000000,A,10003,28
book,290,2,13298800000,13300000000,B,10002,39
book,281,3,13298400000,13300000000,A,10002,19
book,294,1,13349200000,13350000000,B,10001,35
book,291,2,13348800000,13350000000,A,10004,15
book,282,3,13348400000,13350000000,B,10000,26
book,295,1,13399200000,13400000000,A,10003,42
book,292,2,13398800000,13400000000,B,10002,22
book,283,3,13398400000,13400000000,A,10002,33
book,296,1,13449200000,13450000000,B,10001,18
book,293,2,13448800000,13450000000,A,10004,29
book,284,3,13448400000,13450000000,B,10000,40
book,297,1,13499200000,13500000000,A,10003,25
book,294,2,13498800000,13500000000,B,10002,36
book,285,3,13498400000,13500000000,A,10002,16
book,298,1,13549200000,13550000000,B,10001,32
book,295,2,13548800000,13550000000,A,10004,43
book,286,3,13548400000,13550000000,B,10000,23
book,299,1,13599200000,13600000000,A,10003,39
book,296,2,13598800000,13600000000,B,10002,19
book,287,3,13598400000,13600000000,A,10002,30
book,300,1,13649200000,13650000000,B,10001,15
book,297,2,13648800000,13650000000,A,10004,26
book,288,3,13648400000,13650000000,B,10000,37
book,301,1,13699200000,13700000000,A,10003,22
book,298,2,13698800000,13700000000,B,10002,33
book,289,3,13698400000,13700000000,A,10002,44
book,302,1,13749200000,13750000000,B,10001,29
book,299,2,13748800000,13750000000,A,10004,40
book,290,3,13748400000,13750000000,B,10000,20
trade,100031,1,13749200000,13750000000,B,10003,4
trade,100032,1,13749200000,13750000000,S,10001,6
trade,100033,1,13749200000,13750000000,B,10003,8
trade,200031,2,13748800000,13750000000,S,10002,5
trade,200032,2,13748800000,13750000000,B,10004,7
trade,200033,2,13748800000,13750000000,S,10002,9
book,303,1,13799200000,13800000000,A,10003,36
book,300,2,13798800000,13800000000,B,10002,16
book,291,3,13798400000,13800000000,A,10002,27
book,304,1,13849200000,13850000000,B,10001,43
book,301,2,13848800000,13850000000,A,10004,23
book,292,3,13848400000,13850000000,B,10000,34
book,305,1,13899200000,13900000000,A,10003,19
book,302,2,13898800000,13900000000,B,10002,30
book,293,3,13898400000,13900000000,A,10002,41
book,306,1,13949200000,13950000000,B,10001,26
book,303,2,13948800000,13950000000,A,10004,37
book,294,3,13948400000,13950000000,B,10000,17
book,304,2,13998800000,14000000000,A,10003,26
book,305,2,13998800000,14000000000,B,10001,30
book,306,2,13998800000,14000000000,B,10002,0
book,307,1,13999200000,14000000000,A,10003,33
book,307,2,13998800000,14000000000,B,10001,44
book,295,3,13998400000,14000000000,A,10002,24
book,308,1,14049200000,14050000000,B,10001,40
book,308,2,14048800000,14050000000,A,10003,20
book,296,3,14048400000,14050000000,B,10000,31
book,309,1,14099200000,14100000000,A,10002,24
book,310,1,14099200000,14100000000,B,10000,27
book,311,1,14099200000,14100000000,B,10001,0
book,312,1,14099200000,14100000000,A,10002,16
book,309,2,14098800000,14100000000,B,10001,27
book,297,3,14098400000,14100000000,A,10002,38
book,313,1,14149200000,14150000000,B,10000,23
book,310,2,14148800000,14150000000,A,10003,34
book,298,3,14148400000,14150000000,B,10000,45
book,299,3,14198400000,14200000000,A,10001,28
book,300,3,14198400000,14200000000,B,9999,33
book,301,3,14198400000,14200000000,B,10000,0
book,314,1,14199200000,14200000000,A,10002,30
book,311,2,14198800000,14200000000,B,10001,41
book,302,3,14198400000,14200000000,A,10001,21
book,315,1,14249200000,14250000000,B,10000,37
book,312,2,14248800000,14250000000,A,10003,17
book,303,3,14248400000,14250000000,B,9999,28
book,316,1,14299200000,14300000000,A,10002,44
book,313,2,14298800000,14300000000,B,10001,24
book,304,3,14298400000,14300000000,A,10001,35
book,317,1,14349200000,14350000000,B,10000,20
book,314,2,14348800000,14350000000,A,10003,31
book,305,3,14348400000,14350000000,B,9999,42
book,318,1,14399200000,14400000000,A,10002,27
book,315,2,14398800000,14400000000,B,10001,38
book,306,3,14398400000,14400000000,A,10001,18
book,319,1,14449200000,14450000000,B,10000,34
book,316,2,14448800000,14450000000,A,10003,45
book,307,3,14448400000,14450000000,B,9999,25
book,320,1,14499200000,14500000000,A,10002,41
book,317,2,14498800000,14500000000,B,10001,21
book,308,3,14498400000,14500000000,A,10001,32
book,321,1,14549200000,14550000000,B,10000,17
book,318,2,14548800000,14550000000,A,10003,28
book,309,3,14548400000,14550000000,B,9999,39
book,322,1,14599200000,14600000000,A,10002,24
book,319,2,14598800000,14600000000,B,10001,35
book,310,3,14598400000,14600000000,A,10001,15
book,323,1,14649200000,14650000000,B,10000,31
book,320,2,14648800000,14650000000,A,10003,42
book,311,3,14648400000,14650000000,B,9999,22
book,324,1,14699200000,14700000000,A,10002,38
book,321,2,14698800000,14700000000,B,10001,18
book,312,3,14698400000,14700000000,A,10001,29
book,325,1,14749200000,14750000000,B,10000,45
book,322,2,14748800000,14750000000,A,10003,25
book,313,3,14748400000,14750000000,B,9999,36
book,326,1,14799200000,14800000000,A,10002,21
book,323,2,14798800000,14800000000,B,10001,32
book,314,3,14798400000,14800000000,A,10001,43
book,327,1,14849200000,14850000000,B,10000,28
book,324,2,14848800000,14850000000,A,10003,39
book,315,3,14848400000,14850000000,B,9999,19
book,328,1,14899200000,14900000000,A,10002,35
book,325,2,14898800000,14900000000,B,10001,15
book,316,3,14898400000,14900000000,A,10001,26
book,329,1,14949200000,14950000000,B,10000,42
book,326,2,14948800000,14950000000,A,10003,22
book,317,3,14948400000,14950000000,B,9999,33
book,330,1,14999200000,15000000000,A,10002,18
book,327,2,14998800000,15000000000,B,10001,29
book,318,3,14998400000,15000000000,A,10001,40
trade,100034,1,14999200000,15000000000,S,10000,4
trade,100035,1,14999200000,15000000000,B,10002,6
trade,100036,1,14999200000,15000000000,S,10000,8
trade,200034,2,14998800000,15000000000,B,10003,5
trade,200035,2,14998800000,15000000000,S,10001,7
trade,200036,2,14998800000,15000000000,B,10003,9
book,331,1,15049200000,15050000000,B,10000,25
book,328,2,15048800000,15050000000,A,10003,36
book,319,3,15048400000,15050000000,B,9999,16
book,332,1,15099200000,15100000000,A,10002,32
book,329,2,15098800000,15100000000,B,10001,43
book,320,3,15098400000,15100000000,A,10001,23
book,333,1,15149200000,15150000000,B,10000,39
book,330,2,15148800000,15150000000,A,10003,19
book,321,3,15148400000,15150000000,B,9999,30
book,334,1,15199200000,15200000000,A,10002,15
book,331,2,15198800000,15200000000,B,10001,26
book,322,3,15198400000,15200000000,A,10001,37
book,335,1,15249200000,15250000000,B,10000,22
book,332,2,15248800000,15250000000,A,10003,33
book,323,3,15248400000,15250000000,B,9999,44
book,336,1,15299200000,15300000000,A,10002,29
book,333,2,15298800000,15300000000,B,10001,40
book,324,3,15298400000,15300000000,A,10001,20
book,337,1,15349200000,15350000000,B,10000,36
book,334,2,15348800000,15350000000,A,10003,16
book,325,3,15348400000,15350000000,B,9999,27
book,338,1,15399200000,15400000000,A,10002,43
book,335,2,15398800000,15400000000,B,10001,23
book,326,3,15398400000,15400000000,A,10001,34
book,339,1,15449200000,15450000000,B,10000,19
book,336,2,15448800000,15450000000,A,10003,30
book,327,3,15448400000,15450000000,B,9999,41
book,340,1,15499200000,15500000000,A,10002,26
book,337,2,15498800000,15500000000,B,10001,37
book,328,3,15498400000,15500000000,A,10001,17
book,341,1,15549200000,15550000000,B,10000,33
book,338,2,15548800000,15550000000,A,10003,44
book,329,3,15548400000,15550000000,B,9999,24
book,342,1,15599200000,15600000000,A,10002,40
book,339,2,15598800000,15600000000,B,10001,20
book,330,3,15598400000,15600000000,A,10001,31
book,343,1,15649200000,15650000000,B,10000,16
book,340,2,15648800000,15650000000,A,10003,27
book,331,3,15648400000,15650000000,B,9999,38
book,344,1,15699200000,15700000000,A,10002,23
book,341,2,15698800000,15700000000,B,10001,34
book,332,3,15698400000,15700000000,A,10001,45
book,345,1,15749200000,15750000000,B,10000,30
book,342,2,15748800000,15750000000,A,10003,41
book,333,3,15748400000,15750000000,B,9999,21
book,346,1,15799200000,15800000000,A,10002,37
book,343,2,15798800000,15800000000,B,10001,17
book,334,3,15798400000,15800000000,A,10001,28
book,347,1,15849200000,15850000000,B,10000,44
book,344,2,15848800000,15850000000,A,10003,24
book,335,3,15848400000,15850000000,B,9999,35
book,348,1,15899200000,15900000000,A,10002,20
book,345,2,15898800000,15900000000,B,10001,31
book,336,3,15898400000,15900000000,A,10001,42
book,349,1,15949200000,15950000000,B,10000,27
book,346,2,15948800000,15950000000,A,10003,38
book,337,3,15948400000,15950000000,B,9999,18
book,350,1,15999200000,16000000000,A,10002,34
book,347,2,15998800000,16000000000,B,10001,45
book,338,3,15998400000,16000000000,A,10001,25
