horizon_ns,added_decision_delay_ns,feature_count,train_rows,test_rows,mae,r2,ic,direction_accuracy,balanced_accuracy,roc_auc_nonzero,target_standard_deviation,mean_decision_state_age_ns,p95_decision_state_age_ns,max_observation_delay_ns,analysis_type,evaluation_status
10000000,0,44,780446,139010,34.5599020682026,0.01901943865160083,0.20683244933693648,0.04716207467088698,0.6445274291983698,0.9960815019002571,83.81471499255544,101490.53593266671,0.0,100000000,offline_latency_sensitivity,completed
10000000,5000,44,780446,139010,34.5627682270805,0.01901280938589267,0.20682278013959438,0.04716207467088698,0.6443513760162246,0.996050175803889,83.81650390185364,106490.53593266671,5000.0,100000000,offline_latency_sensitivity,completed
10000000,10000,44,780446,139010,34.56502606875595,0.018998046747188302,0.20682381217030074,0.04716926839795698,0.6443513898569271,0.9960519025176368,83.816503709805,111490.53593266671,10000.0,100000000,offline_latency_sensitivity,completed
10000000,25000,44,780442,139011,34.53790804909574,0.01894681679659027,0.20666109562377072,0.047125767025631066,0.6443009146404406,0.9960461899123014,83.79200124978414,125574.2322550014,25000.0,100000000,offline_latency_sensitivity,completed
10000000,50000,44,780447,139012,34.39033966181678,0.01879110497758041,0.2060746804263841,0.046959974678445024,0.6441863724638323,0.9960274696987698,83.59301463409146,145718.25957471298,50000.0,100000000,offline_latency_sensitivity,completed
10000000,100000,44,780455,139014,34.11755383290751,0.018514694127619413,0.2050836843104168,0.04665717122016488,0.6438303588562656,0.9959571726391946,83.16624032587396,182335.1583293769,100000.0,100000000,offline_latency_sensitivity,completed
10000000,250000,44,780478,139017,34.14539266841692,0.012835392199676887,0.20597784455354337,0.045713833559924325,0.6435253646685252,0.9958577849856841,81.7761861336584,299853.8675126064,250000.0,100000000,offline_latency_sensitivity,completed
10000000,500000,44,780492,139016,32.68284225261357,0.011260923318272109,0.20116029501952098,0.04411003050008632,0.6417857210310041,0.9954477388439652,79.40119789995254,510673.207400587,500000.0,100000000,offline_latency_sensitivity,completed
10000000,1000000,44,780512,139018,29.669394323954297,0.007136013746646408,0.18664975560900926,0.03992288768360932,0.6380272711876893,0.9938693243583773,75.67092985878182,936020.4261318678,1000000.0,100000000,offline_latency_sensitivity,completed
10000000,5000000,44,780700,139120,16.68679851640495,-0.03018338827214473,0.09515828546303402,0.022074468085106384,0.5755762495678025,0.8893421333434799,52.52358904112114,4070002.5841000574,5000000.0,100000000,offline_latency_sensitivity,completed
50000000,0,44,779334,139109,54.39705752446885,0.007289572304340686,0.2478764843066396,0.08219453809602542,0.6158667960092244,0.9755855998172638,114.27567133402988,114013.1731232343,0.0,100000000,offline_latency_sensitivity,completed
50000000,5000,44,779335,139109,54.3971737505249,0.0072819579878729,0.24786521930323882,0.08219453809602542,0.6158667960092244,0.9755802551822872,114.27567133402988,119013.1731232343,5000.0,100000000,offline_latency_sensitivity,completed
50000000,10000,44,779335,139107,54.397528177772045,0.0072827696307321554,0.2478684868656443,0.08221009726325779,0.615868401745675,0.9755675211834912,114.27648378889717,124014.8123387033,10000.0,100000000,offline_latency_sensitivity,completed
50000000,25000,44,779335,139107,54.36488145970326,0.007264464136321314,0.24775230255671543,0.08217415370901536,0.6158117633088397,0.9755400563852499,114.24209151340693,138101.93160660498,25000.0,100000000,offline_latency_sensitivity,completed
50000000,50000,44,779336,139107,54.221828554563835,0.007170746607953471,0.24731187800197058,0.08207351175713659,0.6157447434984807,0.9753003389215034,114.06470667469155,158258.4844759789,50000.0,100000000,offline_latency_sensitivity,completed
50000000,100000,44,779343,139105,53.95141120924113,0.00696235952225277,0.2465542541762322,0.08190216023866863,0.6156394489727823,0.9747437044802799,113.69378784273896,194902.38812407892,100000.0,100000000,offline_latency_sensitivity,completed
50000000,250000,44,779369,139102,53.07676353147943,0.006909006575309129,0.24462753111480215,0.08137194289082832,0.6154450985477254,0.9735889941886007,112.5378279294026,313117.2463372202,250000.0,100000000,offline_latency_sensitivity,completed
50000000,500000,44,779376,139099,51.6713347756413,0.0053895128191085995,0.240254473896384,0.08018030323726266,0.6142842731200281,0.9712494332584054,110.5551210805451,524006.72542577586,500000.0,100000000,offline_latency_sensitivity,completed
50000000,1000000,44,779376,139101,49.26286235626976,-0.002255330770804642,0.22741001751233061,0.07547753071509192,0.6085100735232908,0.9644190814109955,107.31188202676336,949453.4050797622,1000000.0,100000000,offline_latency_sensitivity,completed
50000000,5000000,44,779439,139141,34.63869001570812,-0.016754331820487023,0.15468692554953634,0.05102018815446202,0.542723335802927,0.9004979799669818,90.73108182974423,4089162.2663341505,5000000.0,100000000,offline_latency_sensitivity,completed
100000000,0,44,753389,137075,74.93014176738464,0.015619523831143844,0.30741258035831076,0.13229983585628305,0.6172957784592851,0.9685693286666004,136.7659488906619,133799.95914645266,0.0,100000000,offline_latency_sensitivity,completed
100000000,5000,44,753389,137117,74.91486386803139,0.015592466771742974,0.3073822176812052,0.13225931139100183,0.6172957784592851,0.9685547907136536,136.74620167956007,138758.97518177907,5000.0,100000000,offline_latency_sensitivity,completed
100000000,10000,44,753259,137099,74.91266798619895,0.015635979555869595,0.3073454755436113,0.13225479398099182,0.6172472234577405,0.9685412259149171,136.7497157529008,143776.53666328712,10000.0,100000000,offline_latency_sensitivity,completed
100000000,25000,44,753075,137072,74.94230895252409,0.015734951622950688,0.3071013023735364,0.13234650402708065,0.617551474822623,0.9690494140994597,136.73392998369275,157885.21288082175,25000.0,100000000,offline_latency_sensitivity,completed
100000000,50000,44,752796,137070,74.8696071633171,0.016078985221097075,0.306992548171716,0.1322244108849493,0.6175087917514214,0.9692797420552103,136.59091389386668,177984.4247464799,50000.0,100000000,offline_latency_sensitivity,completed
100000000,100000,44,752827,137091,74.73836035297768,0.016952588725434592,0.30856983029015655,0.1319853236171594,0.6179860330900167,0.9702287558393082,136.36835650741702,214444.215156356,100000.0,100000000,offline_latency_sensitivity,completed
100000000,250000,44,753060,137045,75.5713220472061,0.018350272433495407,0.3061847095297754,0.13383924988142581,0.6216206047637969,0.9727996423040668,139.58255540251415,332042.6465759422,250000.0,100000000,offline_latency_sensitivity,completed
100000000,500000,44,755020,137359,74.78187738059431,0.020722183657917448,0.30667578209360014,0.1320481366346581,0.619005580707049,0.9735036623998103,138.1865728739585,542786.6109974593,500000.0,100000000,offline_latency_sensitivity,completed
100000000,1000000,44,756366,137776,72.8013650964588,0.02626939730269917,0.3067907227197525,0.13085007548484495,0.6227908520135748,0.9750849581998413,136.19301188529957,968156.5004064569,1000000.0,100000000,offline_latency_sensitivity,completed
100000000,5000000,44,755304,138329,65.91445325912483,-0.021896246039785572,0.2536014709880654,0.10784434211192158,0.6065176147907707,0.955593333064213,127.53804519920902,4099352.9512972697,5000000.0,100000000,offline_latency_sensitivity,completed
250000000,0,44,762632,138775,137.68738980184463,0.11332132869520672,0.41175659484602556,0.19253467843631777,0.6554351964426125,0.9896704416225034,237.47993378157756,134046.11997838228,0.0,100000000,offline_latency_sensitivity,completed
250000000,5000,44,762632,138775,137.68739002352893,0.11332132895263802,0.411756594419135,0.19253467843631777,0.6554351964426125,0.9896704416225034,237.47993378157756,139046.11997838228,5000.0,100000000,offline_latency_sensitivity,completed
250000000,10000,44,762632,138775,137.68746471554462,0.11332119730327672,0.4117565240614874,0.19253467843631777,0.6554351964426125,0.9896703636496628,237.47993378157756,144046.11997838228,10000.0,100000000,offline_latency_sensitivity,completed
250000000,25000,44,762629,138775,137.66746416983207,0.11330644907236653,0.41173105307831415,0.19251306070978202,0.6554309465843043,0.9896711622027938,237.4591477263548,158134.7807602234,25000.0,100000000,offline_latency_sensitivity,completed
250000000,50000,44,762629,138775,137.56120868972866,0.11327824331213565,0.41163089052972196,0.192426589803639,0.6554220731533602,0.9896728592777675,237.30856469469458,178284.3437218519,50000.0,100000000,offline_latency_sensitivity,completed
250000000,100000,44,762634,138775,137.3605335926969,0.11312342550094556,0.4113971947028153,0.19225364799135292,0.6554029181522044,0.9896707612618805,237.05457038993848,214927.75860205368,100000.0,100000000,offline_latency_sensitivity,completed
250000000,250000,44,762620,138776,136.70618527752617,0.11312500751526255,0.4107999466076368,0.19173344094079667,0.6553422770916116,0.9896816631447258,236.2150511317611,332469.5249899118,250000.0,100000000,offline_latency_sensitivity,completed
250000000,500000,44,762631,138772,135.76676949881184,0.11149168256387032,0.40929572465153014,0.19072291240307843,0.655210580515797,0.9895832286862455,234.6833660205775,543365.3373879457,500000.0,100000000,offline_latency_sensitivity,completed
250000000,1000000,44,762632,138774,133.55295166191618,0.10997636313684223,0.4078476746033547,0.1892069119575713,0.6549885646678041,0.9897289887887784,231.6888647425302,968697.3554123972,1000000.0,100000000,offline_latency_sensitivity,completed
250000000,5000000,44,762510,138832,123.27904140084172,0.10253403316332488,0.4023930039375972,0.1774230724904921,0.6549941813447552,0.9870993910154957,213.0902201287153,4102312.3631439437,5000000.0,100000000,offline_latency_sensitivity,completed
1000000000,0,44,742148,135113,269.1924499644028,0.16931314540500575,0.4688234994530893,0.3183409442466676,0.6282048091988344,0.9754127988721436,406.91804165333514,137429.60262891062,0.0,100000000,offline_latency_sensitivity,completed
1000000000,5000,44,741937,135083,269.27458499348734,0.16921685265582875,0.4688017864241964,0.31841164321195115,0.6282048091988344,0.9754042440985534,406.9611025048605,142460.1237757527,5000.0,100000000,offline_latency_sensitivity,completed
1000000000,10000,44,741984,135043,269.2556804153032,0.16931081916087642,0.4688980212878498,0.31840969172782,0.6281986363332787,0.975431568908582,406.96641316503263,147500.83973252962,10000.0,100000000,offline_latency_sensitivity,completed
1000000000,25000,44,741664,134928,269.1871960032449,0.16947044034140046,0.46904124336935865,0.3182141586623977,0.6280994112340536,0.9753895694682861,406.9996818294028,161680.61558757263,25000.0,100000000,offline_latency_sensitivity,completed
1000000000,50000,44,741708,134898,269.3406964250762,0.16911924011633483,0.4689047723205559,0.31816631825527436,0.628022327781526,0.9753850148484324,407.0514587526841,181784.9197171196,50000.0,100000000,offline_latency_sensitivity,completed
1000000000,100000,44,742041,135111,268.8870753593842,0.16939586879547563,0.46866547868557434,0.31758332038102005,0.6280923950551217,0.9753130557241815,406.5267200314527,217949.21953060816,100000.0,100000000,offline_latency_sensitivity,completed
1000000000,250000,44,741867,135627,267.71801407845885,0.16926104646948514,0.4680645319224672,0.31623496796360606,0.6280870924073756,0.9751900569959119,405.16152695356163,334800.7240446224,250000.0,100000000,offline_latency_sensitivity,completed
1000000000,500000,44,744948,135951,266.9576265328224,0.16753233919801724,0.4670832056499101,0.3149443549514163,0.6280243692224176,0.975129749246117,403.68534427288506,545021.6504475877,500000.0,100000000,offline_latency_sensitivity,completed
1000000000,1000000,44,749126,136819,264.751333886428,0.16629636304979734,0.4652877926642377,0.31229580686892905,0.6279015436683785,0.9750310449318607,400.25801497040453,969703.4783180698,1000000.0,100000000,offline_latency_sensitivity,completed
1000000000,5000000,44,752982,137361,256.0931081313481,0.15957174223628823,0.4582218159410279,0.3003763804864554,0.62656851813436,0.9723992432689477,385.71767953918317,4108330.387082214,5000000.0,100000000,offline_latency_sensitivity,completed
